name,description,images,location,price,propertyType,postedBy,amenities,status,createdBy,createdAt
Apartment 1,Synthetic apartment data 1 in Naga City for testing ML clustering.,['https://example.com/apartment_1.jpg'],"{'address': 'Apartment St. 1, Naga City, Camarines Sur', 'latitude': 13.61823, 'longitude': 123.192643}",2022,apartment,907f19cf-f1ba-46ad-8b6e-4c33b4c27083,"['balcony', 'security']",available,236b4bfe-06bc-4fa5-90aa-d22d553c51e0,2025-10-04 05:04:08.700524
Apartment 2,Synthetic apartment data 2 in Naga City for testing ML clustering.,['https://example.com/apartment_2.jpg'],"{'address': 'Apartment St. 2, Naga City, Camarines Sur', 'latitude': 13.619031, 'longitude': 123.176802}",1478,apartment,15344e1d-9457-4e31-aaeb-c89a932d90de,[],For sale,fcf50619-2d8b-4bab-983e-728b5591bea1,2025-10-04 05:04:08.700610
Apartment 3,Synthetic apartment data 3 in Naga City for testing ML clustering.,['https://example.com/apartment_3.jpg'],"{'address': 'Apartment St. 3, Naga City, Camarines Sur', 'latitude': 13.60232, 'longitude': 123.19933}",7040,apartment,e36fe77d-b6ec-4bcb-a60e-2f7b4411474b,[],For rent,fcfe941f-974c-4f4b-8377-88fecf651572,2025-10-04 05:04:08.700681
Apartment 4,Synthetic apartment data 4 in Naga City for testing ML clustering.,['https://example.com/apartment_4.jpg'],"{'address': 'Apartment St. 4, Naga City, Camarines Sur', 'latitude': 13.609249, 'longitude': 123.184534}",16227,apartment,945890e9-23aa-4a2c-b439-558cdd7065c9,[],For sale,9d8941dc-9f4e-4ce3-b7dc-d3a884a9336a,2025-10-04 05:04:08.700793
Apartment 5,Synthetic apartment data 5 in Naga City for testing ML clustering.,['https://example.com/apartment_5.jpg'],"{'address': 'Apartment St. 5, Naga City, Camarines Sur', 'latitude': 13.627353, 'longitude': 123.172566}",5041,apartment,908354d3-1a01-46c7-a8ca-d303ab798253,"['wifi', 'security', 'balcony']",For sale,6e556022-7336-409d-9051-834807827ee1,2025-10-04 05:04:08.700859
Apartment 6,Synthetic apartment data 6 in Naga City for testing ML clustering.,['https://example.com/apartment_6.jpg'],"{'address': 'Apartment St. 6, Naga City, Camarines Sur', 'latitude': 13.619291, 'longitude': 123.194849}",9538,apartment,a44cee6f-7b49-4585-89bf-599b924c9f69,['balcony'],fully booked,65b9d17d-dea0-42aa-aaa1-a47b7618a228,2025-10-04 05:04:08.700919
Apartment 7,Synthetic apartment data 7 in Naga City for testing ML clustering.,['https://example.com/apartment_7.jpg'],"{'address': 'Apartment St. 7, Naga City, Camarines Sur', 'latitude': 13.60217, 'longitude': 123.197031}",16525,apartment,6f2b1798-96b8-4bcc-8034-f305fb65fb35,[],available,6c7849b1-d9cf-4e1d-9638-f9671e0c1369,2025-10-04 05:04:08.700978
Apartment 8,Synthetic apartment data 8 in Naga City for testing ML clustering.,['https://example.com/apartment_8.jpg'],"{'address': 'Apartment St. 8, Naga City, Camarines Sur', 'latitude': 13.619469, 'longitude': 123.197517}",3581,apartment,4b48ab92-d894-4013-bb8e-85f32a3a2ffe,"['security', 'parking', 'balcony']",fully booked,50de5c9f-28c7-4521-b227-1ed3a34e7a88,2025-10-04 05:04:08.701083
Apartment 9,Synthetic apartment data 9 in Naga City for testing ML clustering.,['https://example.com/apartment_9.jpg'],"{'address': 'Apartment St. 9, Naga City, Camarines Sur', 'latitude': 13.638672, 'longitude': 123.17819}",13142,apartment,6f6f3ebe-b15a-49b9-8b66-7d2210fa1c38,[],available,7edf798c-2e98-4dcc-b396-60c99bdd2567,2025-10-04 05:04:08.701162
Apartment 10,Synthetic apartment data 10 in Naga City for testing ML clustering.,['https://example.com/apartment_10.jpg'],"{'address': 'Apartment St. 10, Naga City, Camarines Sur', 'latitude': 13.614612, 'longitude': 123.186853}",18234,apartment,954396ef-7e56-47d7-822b-c4eec0eb4d4b,"['aircon', 'balcony']",For rent,8699de60-efd8-4cf2-9266-89b3af06338a,2025-10-04 05:04:08.701221
Apartment 11,Synthetic apartment data 11 in Naga City for testing ML clustering.,['https://example.com/apartment_11.jpg'],"{'address': 'Apartment St. 11, Naga City, Camarines Sur', 'latitude': 13.625399, 'longitude': 123.171485}",9739,apartment,72bc0673-97a5-4af0-9dc3-65e1b306fc9a,['aircon'],For rent,6806daec-2422-48c7-9ef7-64c0b070a4b7,2025-10-04 05:04:08.701345
Apartment 12,Synthetic apartment data 12 in Naga City for testing ML clustering.,['https://example.com/apartment_12.jpg'],"{'address': 'Apartment St. 12, Naga City, Camarines Sur', 'latitude': 13.633219, 'longitude': 123.173494}",6268,apartment,6a9e94ee-beb9-45a2-83a7-ee13fa989867,[],available,de3be28e-3b0e-4116-ae83-dadb67aeaa3d,2025-10-04 05:04:08.701447
Apartment 13,Synthetic apartment data 13 in Naga City for testing ML clustering.,['https://example.com/apartment_13.jpg'],"{'address': 'Apartment St. 13, Naga City, Camarines Sur', 'latitude': 13.631717, 'longitude': 123.198952}",12093,apartment,a4ebe0b0-6704-43c2-97b5-9507993bb2c4,"['security', 'laundry', 'parking']",fully booked,1a1aab65-3e6c-41b8-a4bb-730f165a1f2b,2025-10-04 05:04:08.701533
Apartment 14,Synthetic apartment data 14 in Naga City for testing ML clustering.,['https://example.com/apartment_14.jpg'],"{'address': 'Apartment St. 14, Naga City, Camarines Sur', 'latitude': 13.613252, 'longitude': 123.187548}",3053,apartment,00e919d6-4f10-41df-a452-8a54f1497268,['wifi'],fully booked,0a78f201-20bc-4667-bbfb-22aa99064e33,2025-10-04 05:04:08.701608
Apartment 15,Synthetic apartment data 15 in Naga City for testing ML clustering.,['https://example.com/apartment_15.jpg'],"{'address': 'Apartment St. 15, Naga City, Camarines Sur', 'latitude': 13.622176, 'longitude': 123.17261}",18133,apartment,de1f6e1f-19da-4977-af7b-863e8d42ad30,[],available,62017ee3-ff6d-4b53-b53e-ab810b340e44,2025-10-04 05:04:08.701667
Apartment 16,Synthetic apartment data 16 in Naga City for testing ML clustering.,['https://example.com/apartment_16.jpg'],"{'address': 'Apartment St. 16, Naga City, Camarines Sur', 'latitude': 13.636943, 'longitude': 123.192705}",6700,apartment,bcb34509-50cf-46b1-8dcd-82c61bfb815c,['wifi'],fully booked,938ccddc-47a8-4b85-9f45-2e3d525ec629,2025-10-04 05:04:08.701730
Apartment 17,Synthetic apartment data 17 in Naga City for testing ML clustering.,['https://example.com/apartment_17.jpg'],"{'address': 'Apartment St. 17, Naga City, Camarines Sur', 'latitude': 13.630539, 'longitude': 123.171432}",8290,apartment,ecba1bfa-142a-41ea-9bc4-7205a5b93d21,"['wifi', 'parking']",For sale,ad0f38bd-1922-40ed-98e1-e79e35fd8a94,2025-10-04 05:04:08.701800
Apartment 18,Synthetic apartment data 18 in Naga City for testing ML clustering.,['https://example.com/apartment_18.jpg'],"{'address': 'Apartment St. 18, Naga City, Camarines Sur', 'latitude': 13.61664, 'longitude': 123.194676}",12959,apartment,1ee01798-5400-40a2-9574-04df608f3ad8,[],fully booked,d744ea49-bd8c-44f7-98f5-3816b5726ed6,2025-10-04 05:04:08.701857
Apartment 19,Synthetic apartment data 19 in Naga City for testing ML clustering.,['https://example.com/apartment_19.jpg'],"{'address': 'Apartment St. 19, Naga City, Camarines Sur', 'latitude': 13.606629, 'longitude': 123.206435}",5114,apartment,cc14b077-9802-4037-b6d2-d40b7b783069,['wifi'],For sale,adb7a607-63f7-4913-b55d-f96cc5cbb7a1,2025-10-04 05:04:08.701913
Apartment 20,Synthetic apartment data 20 in Naga City for testing ML clustering.,['https://example.com/apartment_20.jpg'],"{'address': 'Apartment St. 20, Naga City, Camarines Sur', 'latitude': 13.600079, 'longitude': 123.188547}",17256,apartment,1dc1aaf7-6df8-4340-af95-4171e7eb9a5f,['security'],fully booked,3ce15a9e-f4d5-4e10-9276-987dc614428c,2025-10-04 05:04:08.701969
Apartment 21,Synthetic apartment data 21 in Naga City for testing ML clustering.,['https://example.com/apartment_21.jpg'],"{'address': 'Apartment St. 21, Naga City, Camarines Sur', 'latitude': 13.634171, 'longitude': 123.204212}",3653,apartment,6237e582-436a-4a06-ae37-c52564a5d908,"['laundry', 'aircon']",For rent,b37bcf98-1a02-46db-8f9c-30113c2e3957,2025-10-04 05:04:08.702030
Apartment 22,Synthetic apartment data 22 in Naga City for testing ML clustering.,['https://example.com/apartment_22.jpg'],"{'address': 'Apartment St. 22, Naga City, Camarines Sur', 'latitude': 13.633055, 'longitude': 123.184915}",16193,apartment,0e03502f-d795-46ba-b4af-7154585fe184,"['balcony', 'laundry', 'security']",For sale,9d1dc9fb-9edb-4f2a-b06a-377ba6390d94,2025-10-04 05:04:08.702086
Apartment 23,Synthetic apartment data 23 in Naga City for testing ML clustering.,['https://example.com/apartment_23.jpg'],"{'address': 'Apartment St. 23, Naga City, Camarines Sur', 'latitude': 13.604289, 'longitude': 123.171365}",18186,apartment,5c2003ff-f517-40ba-a7d5-56c01291b35f,"['security', 'parking']",fully booked,d0ad22e8-8760-41c0-8cdc-2d2cd35bcf14,2025-10-04 05:04:08.702142
Apartment 24,Synthetic apartment data 24 in Naga City for testing ML clustering.,['https://example.com/apartment_24.jpg'],"{'address': 'Apartment St. 24, Naga City, Camarines Sur', 'latitude': 13.633661, 'longitude': 123.188621}",7231,apartment,15123be8-11f6-4d9e-949f-a898375f55fc,[],available,0a61403d-5c5c-45ea-a9b3-fe9ac1f2619d,2025-10-04 05:04:08.702202
Apartment 25,Synthetic apartment data 25 in Naga City for testing ML clustering.,['https://example.com/apartment_25.jpg'],"{'address': 'Apartment St. 25, Naga City, Camarines Sur', 'latitude': 13.606541, 'longitude': 123.206183}",16213,apartment,c096639f-2f43-4405-aeb9-3b516d889d25,[],available,b1676ba4-b60e-4b68-a7d7-bae008cc2fe9,2025-10-04 05:04:08.702258
Apartment 26,Synthetic apartment data 26 in Naga City for testing ML clustering.,['https://example.com/apartment_26.jpg'],"{'address': 'Apartment St. 26, Naga City, Camarines Sur', 'latitude': 13.630735, 'longitude': 123.193511}",18360,apartment,c79c81cb-6437-472c-9d2a-374a24400b88,[],available,6a43af59-5ba3-4e7b-85cf-15c51a5dabd7,2025-10-04 05:04:08.702330
Apartment 27,Synthetic apartment data 27 in Naga City for testing ML clustering.,['https://example.com/apartment_27.jpg'],"{'address': 'Apartment St. 27, Naga City, Camarines Sur', 'latitude': 13.62303, 'longitude': 123.17956}",19764,apartment,0bdfee98-9ae9-4f0d-adf2-47896c146805,['balcony'],available,d8d19bf9-e12e-4dde-8eee-509b97244216,2025-10-04 05:04:08.702398
Apartment 28,Synthetic apartment data 28 in Naga City for testing ML clustering.,['https://example.com/apartment_28.jpg'],"{'address': 'Apartment St. 28, Naga City, Camarines Sur', 'latitude': 13.606486, 'longitude': 123.192289}",6946,apartment,33eda0fe-907c-4fda-8c4a-927ff59afa0e,[],available,cc7dd68a-3b56-490d-9403-e97bc630b414,2025-10-04 05:04:08.702474
Apartment 29,Synthetic apartment data 29 in Naga City for testing ML clustering.,['https://example.com/apartment_29.jpg'],"{'address': 'Apartment St. 29, Naga City, Camarines Sur', 'latitude': 13.600957, 'longitude': 123.20205}",10000,apartment,be3f2e6a-8370-4023-9271-f9a3179019d8,"['balcony', 'laundry', 'wifi']",available,8bdb026b-58c6-4df6-aa6b-f43a5ea6602a,2025-10-04 05:04:08.702536
Apartment 30,Synthetic apartment data 30 in Naga City for testing ML clustering.,['https://example.com/apartment_30.jpg'],"{'address': 'Apartment St. 30, Naga City, Camarines Sur', 'latitude': 13.610543, 'longitude': 123.20829}",17364,apartment,cdff6902-01a6-485b-97c0-9d2fb1ccf5a6,"['wifi', 'aircon']",fully booked,af1bc4fb-b7ce-49ed-8132-62069ace2cb0,2025-10-04 05:04:08.702592
Apartment 31,Synthetic apartment data 31 in Naga City for testing ML clustering.,['https://example.com/apartment_31.jpg'],"{'address': 'Apartment St. 31, Naga City, Camarines Sur', 'latitude': 13.618051, 'longitude': 123.208204}",19886,apartment,276d7f89-0dae-4b4d-a389-8cc98590f242,['wifi'],fully booked,c64bf9f1-7b97-422b-aa10-c41017e7c01b,2025-10-04 05:04:08.702654
Apartment 32,Synthetic apartment data 32 in Naga City for testing ML clustering.,['https://example.com/apartment_32.jpg'],"{'address': 'Apartment St. 32, Naga City, Camarines Sur', 'latitude': 13.622892, 'longitude': 123.196717}",18902,apartment,c52212f6-6838-46bc-86a2-f837193aaae9,"['security', 'laundry', 'wifi']",For rent,95f64f6b-04b2-48c6-945d-2df88d41e8ee,2025-10-04 05:04:08.702710
Apartment 33,Synthetic apartment data 33 in Naga City for testing ML clustering.,['https://example.com/apartment_33.jpg'],"{'address': 'Apartment St. 33, Naga City, Camarines Sur', 'latitude': 13.619251, 'longitude': 123.180742}",6014,apartment,208db9d2-7adb-4956-9565-0f86dfce9e29,['balcony'],For sale,ec3f8017-ee29-484d-9ebb-a1135f0aad62,2025-10-04 05:04:08.702817
Apartment 34,Synthetic apartment data 34 in Naga City for testing ML clustering.,['https://example.com/apartment_34.jpg'],"{'address': 'Apartment St. 34, Naga City, Camarines Sur', 'latitude': 13.628613, 'longitude': 123.208982}",14499,apartment,08ca2803-0c63-4f5c-8b9a-167e44150c07,"['aircon', 'balcony', 'laundry']",For sale,23f8164b-375d-4c63-8a60-eb667a1d2b6f,2025-10-04 05:04:08.702881
Apartment 35,Synthetic apartment data 35 in Naga City for testing ML clustering.,['https://example.com/apartment_35.jpg'],"{'address': 'Apartment St. 35, Naga City, Camarines Sur', 'latitude': 13.630408, 'longitude': 123.209068}",12103,apartment,330f81ba-f15d-49c7-b40b-6c070740bdc9,['laundry'],available,a1ff5da0-dd29-44c9-a650-e3cd36d39f5f,2025-10-04 05:04:08.702937
Apartment 36,Synthetic apartment data 36 in Naga City for testing ML clustering.,['https://example.com/apartment_36.jpg'],"{'address': 'Apartment St. 36, Naga City, Camarines Sur', 'latitude': 13.639159, 'longitude': 123.186531}",11834,apartment,3b781bdd-6fc2-4169-a3ec-de57a32d5372,"['parking', 'wifi']",For sale,ca2637b6-c7f8-4e8d-a13c-3e8ad63ef0b3,2025-10-04 05:04:08.702992
Apartment 37,Synthetic apartment data 37 in Naga City for testing ML clustering.,['https://example.com/apartment_37.jpg'],"{'address': 'Apartment St. 37, Naga City, Camarines Sur', 'latitude': 13.628866, 'longitude': 123.199781}",8120,apartment,e23c1952-6370-4ddd-b9dc-871b1a179636,"['security', 'aircon', 'parking']",For rent,bf247b7f-15ce-4f24-8a58-5c50b4b43c3d,2025-10-04 05:04:08.703052
Apartment 38,Synthetic apartment data 38 in Naga City for testing ML clustering.,['https://example.com/apartment_38.jpg'],"{'address': 'Apartment St. 38, Naga City, Camarines Sur', 'latitude': 13.633054, 'longitude': 123.200015}",4778,apartment,d7b103e6-a01a-4e12-8bd8-ac1f6d96246f,"['security', 'aircon', 'laundry']",available,2015cea2-1cb7-43f9-9f99-c970880b5252,2025-10-04 05:04:08.703110
Apartment 39,Synthetic apartment data 39 in Naga City for testing ML clustering.,['https://example.com/apartment_39.jpg'],"{'address': 'Apartment St. 39, Naga City, Camarines Sur', 'latitude': 13.623315, 'longitude': 123.180163}",15528,apartment,710df6fa-6cd8-43ee-a5c1-1c238cba366a,['aircon'],For rent,a11d385d-35fd-4332-bdd9-eb6d0af2e188,2025-10-04 05:04:08.703170
Apartment 40,Synthetic apartment data 40 in Naga City for testing ML clustering.,['https://example.com/apartment_40.jpg'],"{'address': 'Apartment St. 40, Naga City, Camarines Sur', 'latitude': 13.62234, 'longitude': 123.187171}",14766,apartment,22ee8c70-78a4-48ea-92e2-aa2ca42f7afa,['aircon'],For rent,5e378e79-ceb8-4776-bf38-210bb88ceaa1,2025-10-04 05:04:08.703226
Apartment 41,Synthetic apartment data 41 in Naga City for testing ML clustering.,['https://example.com/apartment_41.jpg'],"{'address': 'Apartment St. 41, Naga City, Camarines Sur', 'latitude': 13.614826, 'longitude': 123.201937}",8611,apartment,6ee95c89-d9d3-4d81-a1ea-31d2f77d316d,"['aircon', 'laundry', 'wifi']",fully booked,28470e82-50e8-4412-b41f-7db32bfa4f8b,2025-10-04 05:04:08.703286
Apartment 42,Synthetic apartment data 42 in Naga City for testing ML clustering.,['https://example.com/apartment_42.jpg'],"{'address': 'Apartment St. 42, Naga City, Camarines Sur', 'latitude': 13.600388, 'longitude': 123.197661}",12074,apartment,c343890a-8255-4091-96e0-d293cdf650f9,"['parking', 'aircon']",fully booked,8ea3fc9a-42fa-471f-893b-81da3c74b0e2,2025-10-04 05:04:08.703342
Apartment 43,Synthetic apartment data 43 in Naga City for testing ML clustering.,['https://example.com/apartment_43.jpg'],"{'address': 'Apartment St. 43, Naga City, Camarines Sur', 'latitude': 13.634232, 'longitude': 123.189819}",2676,apartment,9917dcc2-591f-428d-ab87-58e6c64adc6b,"['security', 'laundry']",For rent,0b768634-e8d8-4670-8f28-fffce9d43a44,2025-10-04 05:04:08.703399
Apartment 44,Synthetic apartment data 44 in Naga City for testing ML clustering.,['https://example.com/apartment_44.jpg'],"{'address': 'Apartment St. 44, Naga City, Camarines Sur', 'latitude': 13.6281, 'longitude': 123.192605}",15530,apartment,c9c20346-773f-475d-923a-23c231f0b454,[],fully booked,f0bebcc8-c778-4ca4-9817-c88bc133db51,2025-10-04 05:04:08.703454
Apartment 45,Synthetic apartment data 45 in Naga City for testing ML clustering.,['https://example.com/apartment_45.jpg'],"{'address': 'Apartment St. 45, Naga City, Camarines Sur', 'latitude': 13.634927, 'longitude': 123.182844}",15766,apartment,a67ea0df-213a-4d96-8baa-81c702f078f9,"['wifi', 'balcony', 'parking']",For rent,f23f365f-2f15-49e7-ac65-b78fd5a02340,2025-10-04 05:04:08.703509
Apartment 46,Synthetic apartment data 46 in Naga City for testing ML clustering.,['https://example.com/apartment_46.jpg'],"{'address': 'Apartment St. 46, Naga City, Camarines Sur', 'latitude': 13.620313, 'longitude': 123.173473}",12556,apartment,6b1343aa-35af-42c4-8419-6e0df7e5756c,"['parking', 'balcony', 'security']",For rent,a8301208-cd3c-4008-983c-3e9190d9159f,2025-10-04 05:04:08.703565
Apartment 47,Synthetic apartment data 47 in Naga City for testing ML clustering.,['https://example.com/apartment_47.jpg'],"{'address': 'Apartment St. 47, Naga City, Camarines Sur', 'latitude': 13.618142, 'longitude': 123.196751}",15973,apartment,a1028bcc-c8f7-4f4b-95ac-43f6a07fc4d6,"['balcony', 'laundry', 'security']",fully booked,1423dc9c-a7a0-4509-9201-d37cf085499b,2025-10-04 05:04:08.703676
Apartment 48,Synthetic apartment data 48 in Naga City for testing ML clustering.,['https://example.com/apartment_48.jpg'],"{'address': 'Apartment St. 48, Naga City, Camarines Sur', 'latitude': 13.626009, 'longitude': 123.192318}",10025,apartment,82411281-bd50-44ec-93f5-b158c66f3af4,[],available,f02a6244-8b5f-4fae-a49d-3c5c4f6d76bf,2025-10-04 05:04:08.703746
Apartment 49,Synthetic apartment data 49 in Naga City for testing ML clustering.,['https://example.com/apartment_49.jpg'],"{'address': 'Apartment St. 49, Naga City, Camarines Sur', 'latitude': 13.606925, 'longitude': 123.17883}",4982,apartment,f9db8cba-b452-4591-a299-c4df3f6a39d2,"['parking', 'aircon', 'security']",For rent,1c9bf7a9-788a-4986-953a-4fdd63b6194e,2025-10-04 05:04:08.703813
Apartment 50,Synthetic apartment data 50 in Naga City for testing ML clustering.,['https://example.com/apartment_50.jpg'],"{'address': 'Apartment St. 50, Naga City, Camarines Sur', 'latitude': 13.609078, 'longitude': 123.17078}",8823,apartment,38d8677b-f247-4738-8aed-ed3db96e82c4,"['balcony', 'laundry', 'aircon']",For rent,67e47f29-061a-4bf2-9ae4-c432a5312605,2025-10-04 05:04:08.703876
Apartment 51,Synthetic apartment data 51 in Naga City for testing ML clustering.,['https://example.com/apartment_51.jpg'],"{'address': 'Apartment St. 51, Naga City, Camarines Sur', 'latitude': 13.616736, 'longitude': 123.207386}",18587,apartment,5cf7615d-d3a8-437c-983a-1b29e3be4cec,"['aircon', 'wifi', 'parking']",For sale,a7d31620-5f29-42e2-8a1b-d89cef11c336,2025-10-04 05:04:08.703939
Apartment 52,Synthetic apartment data 52 in Naga City for testing ML clustering.,['https://example.com/apartment_52.jpg'],"{'address': 'Apartment St. 52, Naga City, Camarines Sur', 'latitude': 13.639753, 'longitude': 123.18935}",8454,apartment,64a63238-8b7e-4645-8f5c-d369f6f35e8e,['laundry'],For rent,10fd99ac-18b9-4446-a6a1-f62af94990f4,2025-10-04 05:04:08.703995
Apartment 53,Synthetic apartment data 53 in Naga City for testing ML clustering.,['https://example.com/apartment_53.jpg'],"{'address': 'Apartment St. 53, Naga City, Camarines Sur', 'latitude': 13.639251, 'longitude': 123.173361}",14022,apartment,ddfc2bbe-67df-4ec0-a24e-f175e6f32b04,"['parking', 'wifi']",For rent,2c20b47e-f0ed-450e-a335-700017815c82,2025-10-04 05:04:08.704056
Apartment 54,Synthetic apartment data 54 in Naga City for testing ML clustering.,['https://example.com/apartment_54.jpg'],"{'address': 'Apartment St. 54, Naga City, Camarines Sur', 'latitude': 13.606158, 'longitude': 123.173329}",16489,apartment,26b4b31e-83e8-46d6-95a3-ed99fbd0c79d,[],available,e02555e6-1094-4aaf-aee8-067177c74a02,2025-10-04 05:04:08.704116
Apartment 55,Synthetic apartment data 55 in Naga City for testing ML clustering.,['https://example.com/apartment_55.jpg'],"{'address': 'Apartment St. 55, Naga City, Camarines Sur', 'latitude': 13.613153, 'longitude': 123.187791}",10965,apartment,db9ea1eb-fd7b-40bb-9eb8-12ec28c25b92,[],fully booked,1a895757-dc07-4714-bb6d-dce55860f2ca,2025-10-04 05:04:08.704172
Apartment 56,Synthetic apartment data 56 in Naga City for testing ML clustering.,['https://example.com/apartment_56.jpg'],"{'address': 'Apartment St. 56, Naga City, Camarines Sur', 'latitude': 13.62898, 'longitude': 123.20982}",7646,apartment,443f7657-0d2d-4d9b-b3dc-5ebf3d550e84,['balcony'],For rent,654f3bc2-0ebe-430c-b5b2-8e874c1e5560,2025-10-04 05:04:08.704227
Apartment 57,Synthetic apartment data 57 in Naga City for testing ML clustering.,['https://example.com/apartment_57.jpg'],"{'address': 'Apartment St. 57, Naga City, Camarines Sur', 'latitude': 13.60086, 'longitude': 123.196274}",5187,apartment,06c63fcb-f982-4d0e-994d-96254d2b67fd,['security'],available,32aae4fe-31a7-45b9-83b6-4a185170ba51,2025-10-04 05:04:08.704282
Apartment 58,Synthetic apartment data 58 in Naga City for testing ML clustering.,['https://example.com/apartment_58.jpg'],"{'address': 'Apartment St. 58, Naga City, Camarines Sur', 'latitude': 13.607033, 'longitude': 123.184469}",8095,apartment,353ab07c-9952-46ad-996d-4e57fa8026dd,[],fully booked,61a080c0-9e0c-4c82-9622-3f3052d5f013,2025-10-04 05:04:08.704340
Apartment 59,Synthetic apartment data 59 in Naga City for testing ML clustering.,['https://example.com/apartment_59.jpg'],"{'address': 'Apartment St. 59, Naga City, Camarines Sur', 'latitude': 13.613056, 'longitude': 123.203403}",1382,apartment,81394d16-3114-4451-a25f-78081c82b27a,['aircon'],fully booked,c691f9c3-abc9-4bd2-822f-a7db216ca47d,2025-10-04 05:04:08.704400
Apartment 60,Synthetic apartment data 60 in Naga City for testing ML clustering.,['https://example.com/apartment_60.jpg'],"{'address': 'Apartment St. 60, Naga City, Camarines Sur', 'latitude': 13.637982, 'longitude': 123.174469}",5491,apartment,b5deeccf-28a8-4c14-adea-05f64c62f5e1,"['parking', 'aircon', 'wifi']",For rent,b0c6b19b-029c-4b02-911c-605d1ecd3448,2025-10-04 05:04:08.704459
Apartment 61,Synthetic apartment data 61 in Naga City for testing ML clustering.,['https://example.com/apartment_61.jpg'],"{'address': 'Apartment St. 61, Naga City, Camarines Sur', 'latitude': 13.60996, 'longitude': 123.182659}",8269,apartment,c39f856c-e1d8-42a8-8187-09dca8a1de65,[],fully booked,8ec7f5e1-e4a5-475a-8687-f1a7862b9068,2025-10-04 05:04:08.704518
Apartment 62,Synthetic apartment data 62 in Naga City for testing ML clustering.,['https://example.com/apartment_62.jpg'],"{'address': 'Apartment St. 62, Naga City, Camarines Sur', 'latitude': 13.602903, 'longitude': 123.189778}",3431,apartment,143efc08-cd6d-44ab-a884-a705c38c9a59,"['balcony', 'aircon', 'laundry']",For sale,44a2ed01-3c85-49d3-993e-599055d31d3b,2025-10-04 05:04:08.704578
Apartment 63,Synthetic apartment data 63 in Naga City for testing ML clustering.,['https://example.com/apartment_63.jpg'],"{'address': 'Apartment St. 63, Naga City, Camarines Sur', 'latitude': 13.633435, 'longitude': 123.207536}",4679,apartment,cb21f848-3d84-4047-a34c-d9fd836277cb,['laundry'],For rent,0f1ae999-5ef4-4189-b9e5-4b2a3a2088d7,2025-10-04 05:04:08.704640
Apartment 64,Synthetic apartment data 64 in Naga City for testing ML clustering.,['https://example.com/apartment_64.jpg'],"{'address': 'Apartment St. 64, Naga City, Camarines Sur', 'latitude': 13.618298, 'longitude': 123.173505}",18490,apartment,95a81ece-242c-440f-8c24-d58dc24fd47f,[],For rent,0aec5e6d-e90c-4b29-aebf-4f7e48bdd6d2,2025-10-04 05:04:08.704696
Apartment 65,Synthetic apartment data 65 in Naga City for testing ML clustering.,['https://example.com/apartment_65.jpg'],"{'address': 'Apartment St. 65, Naga City, Camarines Sur', 'latitude': 13.610455, 'longitude': 123.19051}",16748,apartment,eb6ed472-f8d4-470c-9946-ae551acadf8a,[],available,49f58256-0c7c-4190-aa0c-1e5b1fb20001,2025-10-04 05:04:08.704752
Apartment 66,Synthetic apartment data 66 in Naga City for testing ML clustering.,['https://example.com/apartment_66.jpg'],"{'address': 'Apartment St. 66, Naga City, Camarines Sur', 'latitude': 13.618549, 'longitude': 123.176172}",8060,apartment,8f44b7cf-ff17-4c26-a620-9afc3949ba2e,"['balcony', 'wifi']",fully booked,4757d34b-d5df-4e6f-9b59-c125c8d7ce23,2025-10-04 05:04:08.704810
Apartment 67,Synthetic apartment data 67 in Naga City for testing ML clustering.,['https://example.com/apartment_67.jpg'],"{'address': 'Apartment St. 67, Naga City, Camarines Sur', 'latitude': 13.603764, 'longitude': 123.1778}",6596,apartment,45459d36-51a5-4724-8cc2-812c8ff33dde,['security'],fully booked,593fbb36-16c5-45a4-8d3c-b79c5e43dd0b,2025-10-04 05:04:08.704870
Apartment 68,Synthetic apartment data 68 in Naga City for testing ML clustering.,['https://example.com/apartment_68.jpg'],"{'address': 'Apartment St. 68, Naga City, Camarines Sur', 'latitude': 13.602552, 'longitude': 123.193762}",1495,apartment,29fde3e2-1694-404f-a7e3-7d91c06cf167,['security'],available,f6e58345-9eef-490b-9fe0-31f7ef3ad553,2025-10-04 05:04:08.704927
Apartment 69,Synthetic apartment data 69 in Naga City for testing ML clustering.,['https://example.com/apartment_69.jpg'],"{'address': 'Apartment St. 69, Naga City, Camarines Sur', 'latitude': 13.602778, 'longitude': 123.189564}",11083,apartment,0a716efc-9a32-46b7-b405-a5081e86c3c3,[],available,ae3ce4dd-81d7-4ebe-9c91-c9a51b5bcfa1,2025-10-04 05:04:08.704982
Apartment 70,Synthetic apartment data 70 in Naga City for testing ML clustering.,['https://example.com/apartment_70.jpg'],"{'address': 'Apartment St. 70, Naga City, Camarines Sur', 'latitude': 13.629869, 'longitude': 123.191632}",18066,apartment,e9bc9c95-db34-45e3-8e55-317156dcad6a,"['wifi', 'parking']",available,e2bf7dc3-b30c-43ee-8049-048fd01fbf9e,2025-10-04 05:04:08.705037
Apartment 71,Synthetic apartment data 71 in Naga City for testing ML clustering.,['https://example.com/apartment_71.jpg'],"{'address': 'Apartment St. 71, Naga City, Camarines Sur', 'latitude': 13.634074, 'longitude': 123.198283}",2161,apartment,0208879e-32ad-4300-b680-09c7424c68f3,"['aircon', 'security', 'laundry']",available,c55bdbde-0663-4af4-9664-87b5c08c13f3,2025-10-04 05:04:08.705100
Apartment 72,Synthetic apartment data 72 in Naga City for testing ML clustering.,['https://example.com/apartment_72.jpg'],"{'address': 'Apartment St. 72, Naga City, Camarines Sur', 'latitude': 13.611453, 'longitude': 123.183074}",5135,apartment,c8dc7c1b-74a3-4b1b-93f0-c70fcce31963,"['balcony', 'security', 'aircon']",fully booked,0ba16c19-ee17-4187-a970-68f61b7f201d,2025-10-04 05:04:08.705157
Apartment 73,Synthetic apartment data 73 in Naga City for testing ML clustering.,['https://example.com/apartment_73.jpg'],"{'address': 'Apartment St. 73, Naga City, Camarines Sur', 'latitude': 13.634389, 'longitude': 123.201476}",4226,apartment,c2449ee6-9ab0-4f46-ae68-bd3ce0bb6ca5,"['parking', 'security', 'laundry']",available,fac0929b-fb6f-4720-bedf-44b763041173,2025-10-04 05:04:08.705213
Apartment 74,Synthetic apartment data 74 in Naga City for testing ML clustering.,['https://example.com/apartment_74.jpg'],"{'address': 'Apartment St. 74, Naga City, Camarines Sur', 'latitude': 13.634766, 'longitude': 123.182683}",12936,apartment,5922749b-279c-4280-b7c7-b324d7c12805,[],available,43136d98-f8ff-4a79-bcc0-4343a6088ea1,2025-10-04 05:04:08.705267
Apartment 75,Synthetic apartment data 75 in Naga City for testing ML clustering.,['https://example.com/apartment_75.jpg'],"{'address': 'Apartment St. 75, Naga City, Camarines Sur', 'latitude': 13.630936, 'longitude': 123.190773}",7584,apartment,e4cdb005-d69e-4c51-9a75-f5ea813a2572,[],For sale,edbf811b-a3b6-4f28-9369-ec90ff36c1e6,2025-10-04 05:04:08.705325
Apartment 76,Synthetic apartment data 76 in Naga City for testing ML clustering.,['https://example.com/apartment_76.jpg'],"{'address': 'Apartment St. 76, Naga City, Camarines Sur', 'latitude': 13.622027, 'longitude': 123.193899}",9378,apartment,9334d5b3-3ee5-4212-8e4e-b3c0fc296362,"['parking', 'laundry', 'security']",For sale,ef1c093e-48b1-4a5d-a293-bad0405dfd65,2025-10-04 05:04:08.705381
Apartment 77,Synthetic apartment data 77 in Naga City for testing ML clustering.,['https://example.com/apartment_77.jpg'],"{'address': 'Apartment St. 77, Naga City, Camarines Sur', 'latitude': 13.631642, 'longitude': 123.192086}",11102,apartment,bf221082-0c04-4f4a-88ce-12fd726d509d,"['aircon', 'laundry']",For rent,518b3331-4ebd-4807-ba02-499218ca6fdb,2025-10-04 05:04:08.705437
Apartment 78,Synthetic apartment data 78 in Naga City for testing ML clustering.,['https://example.com/apartment_78.jpg'],"{'address': 'Apartment St. 78, Naga City, Camarines Sur', 'latitude': 13.601615, 'longitude': 123.201367}",1814,apartment,d5f63332-cbcc-40a1-9078-1a9cbec82908,['wifi'],available,9e82b656-658e-4320-9bc3-493b23beaedb,2025-10-04 05:04:08.705499
Apartment 79,Synthetic apartment data 79 in Naga City for testing ML clustering.,['https://example.com/apartment_79.jpg'],"{'address': 'Apartment St. 79, Naga City, Camarines Sur', 'latitude': 13.610067, 'longitude': 123.192952}",11451,apartment,b81ed4ab-bbe6-4e18-9b3c-ed2235783ecd,"['security', 'aircon']",For rent,0f008066-2c80-4905-bdc6-8ea01b6ded2e,2025-10-04 05:04:08.705557
Apartment 80,Synthetic apartment data 80 in Naga City for testing ML clustering.,['https://example.com/apartment_80.jpg'],"{'address': 'Apartment St. 80, Naga City, Camarines Sur', 'latitude': 13.623334, 'longitude': 123.194095}",10934,apartment,007b70ed-dc89-447b-ac9c-703e9559679d,['wifi'],available,239b2a4b-144a-4249-b036-938f5fa4be3f,2025-10-04 05:04:08.705613
Apartment 81,Synthetic apartment data 81 in Naga City for testing ML clustering.,['https://example.com/apartment_81.jpg'],"{'address': 'Apartment St. 81, Naga City, Camarines Sur', 'latitude': 13.627186, 'longitude': 123.19947}",14125,apartment,339ca837-7fe7-48f8-9657-cbc7aacfa20e,"['balcony', 'aircon', 'security']",For rent,b5635c6f-a870-4067-ae48-d42679b95e05,2025-10-04 05:04:08.705675
Apartment 82,Synthetic apartment data 82 in Naga City for testing ML clustering.,['https://example.com/apartment_82.jpg'],"{'address': 'Apartment St. 82, Naga City, Camarines Sur', 'latitude': 13.613468, 'longitude': 123.208561}",1763,apartment,b5f976f7-cd01-4e2b-8b33-3673ccc786db,"['aircon', 'balcony', 'laundry']",fully booked,37d5af72-5cd7-42bb-b589-da2cea2a206d,2025-10-04 05:04:08.705735
Apartment 83,Synthetic apartment data 83 in Naga City for testing ML clustering.,['https://example.com/apartment_83.jpg'],"{'address': 'Apartment St. 83, Naga City, Camarines Sur', 'latitude': 13.605572, 'longitude': 123.174379}",14366,apartment,c3c17492-75a7-4d95-b407-383bcf35e1d2,"['wifi', 'aircon', 'balcony']",For rent,1221e500-764e-4c38-ad11-e3e5ba724cf8,2025-10-04 05:04:08.705797
Apartment 84,Synthetic apartment data 84 in Naga City for testing ML clustering.,['https://example.com/apartment_84.jpg'],"{'address': 'Apartment St. 84, Naga City, Camarines Sur', 'latitude': 13.62233, 'longitude': 123.192614}",18452,apartment,4d9c33f4-07e5-4b02-a0e5-783cd031167c,['parking'],available,23c40c08-873d-4896-8c7a-ae0a87678fc6,2025-10-04 05:04:08.705857
Apartment 85,Synthetic apartment data 85 in Naga City for testing ML clustering.,['https://example.com/apartment_85.jpg'],"{'address': 'Apartment St. 85, Naga City, Camarines Sur', 'latitude': 13.635047, 'longitude': 123.179334}",7560,apartment,db4bbb95-8f12-4cde-9d83-fec0ca345785,"['security', 'balcony']",fully booked,37dc67ee-11f3-413b-a27d-418c61bcbdd4,2025-10-04 05:04:08.705913
Apartment 86,Synthetic apartment data 86 in Naga City for testing ML clustering.,['https://example.com/apartment_86.jpg'],"{'address': 'Apartment St. 86, Naga City, Camarines Sur', 'latitude': 13.631343, 'longitude': 123.198248}",1514,apartment,eea32e42-dc9d-4301-ad3c-4565ae3d7de3,['laundry'],fully booked,8421c4a4-7820-4ef5-85ae-497484289cbd,2025-10-04 05:04:08.705968
Apartment 87,Synthetic apartment data 87 in Naga City for testing ML clustering.,['https://example.com/apartment_87.jpg'],"{'address': 'Apartment St. 87, Naga City, Camarines Sur', 'latitude': 13.626808, 'longitude': 123.180874}",2171,apartment,bd76b594-aac4-4e20-a57a-6524200ec7d3,[],For rent,af571a71-7b2a-49ef-8851-0f242a7ef965,2025-10-04 05:04:08.706023
Apartment 88,Synthetic apartment data 88 in Naga City for testing ML clustering.,['https://example.com/apartment_88.jpg'],"{'address': 'Apartment St. 88, Naga City, Camarines Sur', 'latitude': 13.617191, 'longitude': 123.176355}",4984,apartment,4a3e1647-4f0e-4c94-b1fd-7f0677f3ab4b,[],For sale,8c8c8514-f913-434f-9747-2d3377b710bc,2025-10-04 05:04:08.706080
Apartment 89,Synthetic apartment data 89 in Naga City for testing ML clustering.,['https://example.com/apartment_89.jpg'],"{'address': 'Apartment St. 89, Naga City, Camarines Sur', 'latitude': 13.630808, 'longitude': 123.205788}",10023,apartment,edd402fc-f485-41ad-956a-b4922438777c,"['security', 'wifi']",For rent,d221e36b-623a-4587-a4a9-2d81fd2f2cd6,2025-10-04 05:04:08.706140
Apartment 90,Synthetic apartment data 90 in Naga City for testing ML clustering.,['https://example.com/apartment_90.jpg'],"{'address': 'Apartment St. 90, Naga City, Camarines Sur', 'latitude': 13.611826, 'longitude': 123.204422}",14024,apartment,20c69cd5-e6c5-4dba-a6aa-0ce4dcb49254,"['security', 'wifi']",For rent,de28ac44-83ae-4492-bd6e-cb34a6cfd8a4,2025-10-04 05:04:08.706196
Apartment 91,Synthetic apartment data 91 in Naga City for testing ML clustering.,['https://example.com/apartment_91.jpg'],"{'address': 'Apartment St. 91, Naga City, Camarines Sur', 'latitude': 13.615303, 'longitude': 123.172458}",5551,apartment,b1b109b4-0ebb-4926-8f34-4c821cecf322,"['aircon', 'parking', 'wifi']",For rent,c27ca24a-1f8f-4775-9caf-0a47df1db6db,2025-10-04 05:04:08.706261
Apartment 92,Synthetic apartment data 92 in Naga City for testing ML clustering.,['https://example.com/apartment_92.jpg'],"{'address': 'Apartment St. 92, Naga City, Camarines Sur', 'latitude': 13.607167, 'longitude': 123.19709}",6244,apartment,90387cfc-cc50-4a74-b051-e7ea87f03f53,[],fully booked,41f0ad18-7355-4145-8d9d-ec2e2ec84afa,2025-10-04 05:04:08.706317
Apartment 93,Synthetic apartment data 93 in Naga City for testing ML clustering.,['https://example.com/apartment_93.jpg'],"{'address': 'Apartment St. 93, Naga City, Camarines Sur', 'latitude': 13.613078, 'longitude': 123.171998}",2851,apartment,a2f45c10-d254-4abd-97e3-afd3be2a6a55,[],fully booked,713d52a4-a7eb-4aa6-89e2-2140ea6622a7,2025-10-04 05:04:08.706370
Apartment 94,Synthetic apartment data 94 in Naga City for testing ML clustering.,['https://example.com/apartment_94.jpg'],"{'address': 'Apartment St. 94, Naga City, Camarines Sur', 'latitude': 13.616557, 'longitude': 123.179913}",17410,apartment,e928ce37-8ebe-4095-aeef-3d6bcf4f4b68,['laundry'],available,fdcdae79-d601-4894-b5a2-2eadce3297a5,2025-10-04 05:04:08.706431
Apartment 95,Synthetic apartment data 95 in Naga City for testing ML clustering.,['https://example.com/apartment_95.jpg'],"{'address': 'Apartment St. 95, Naga City, Camarines Sur', 'latitude': 13.624449, 'longitude': 123.204271}",10356,apartment,2e636ffa-b938-4156-9046-2bc64b723a86,[],available,aa77b779-99ed-4531-8e83-d2756efeab30,2025-10-04 05:04:08.706486
Apartment 96,Synthetic apartment data 96 in Naga City for testing ML clustering.,['https://example.com/apartment_96.jpg'],"{'address': 'Apartment St. 96, Naga City, Camarines Sur', 'latitude': 13.626717, 'longitude': 123.182873}",2350,apartment,9cdf88ac-ec70-4695-9768-d340c37f75dc,"['aircon', 'balcony']",fully booked,8855448c-2e18-429a-9a3e-3849b5f06810,2025-10-04 05:04:08.706541
Apartment 97,Synthetic apartment data 97 in Naga City for testing ML clustering.,['https://example.com/apartment_97.jpg'],"{'address': 'Apartment St. 97, Naga City, Camarines Sur', 'latitude': 13.611502, 'longitude': 123.19255}",9032,apartment,42a1a87d-ea6d-4b72-b7c8-0560d8c79f9a,"['aircon', 'balcony']",available,81f21d21-efdc-46e0-b608-01af7bc84346,2025-10-04 05:04:08.706595
Apartment 98,Synthetic apartment data 98 in Naga City for testing ML clustering.,['https://example.com/apartment_98.jpg'],"{'address': 'Apartment St. 98, Naga City, Camarines Sur', 'latitude': 13.6369, 'longitude': 123.198735}",14566,apartment,29157337-bf27-409a-bad6-cb79372066d1,['aircon'],available,f14858c6-b51d-4766-9db1-69c5e111eab0,2025-10-04 05:04:08.706650
Apartment 99,Synthetic apartment data 99 in Naga City for testing ML clustering.,['https://example.com/apartment_99.jpg'],"{'address': 'Apartment St. 99, Naga City, Camarines Sur', 'latitude': 13.603691, 'longitude': 123.198275}",14426,apartment,d850c61d-1f70-4625-a345-70ea6183ab45,[],For rent,576d8904-5a87-40f3-b908-51bfc88d201c,2025-10-04 05:04:08.706705
Apartment 100,Synthetic apartment data 100 in Naga City for testing ML clustering.,['https://example.com/apartment_100.jpg'],"{'address': 'Apartment St. 100, Naga City, Camarines Sur', 'latitude': 13.613793, 'longitude': 123.17443}",4940,apartment,7072b7a5-0212-4f3d-b668-58243da59e0f,[],For rent,ea2a5520-a3ee-4224-a61a-78885bc885aa,2025-10-04 05:04:08.706764
Apartment 101,Synthetic apartment data 101 in Naga City for testing ML clustering.,['https://example.com/apartment_101.jpg'],"{'address': 'Apartment St. 101, Naga City, Camarines Sur', 'latitude': 13.620583, 'longitude': 123.207341}",11361,apartment,59827215-9db6-4e79-aed8-c5c131769860,"['wifi', 'balcony']",For rent,2ae278c1-0a6e-4790-b2b5-106c98d68314,2025-10-04 05:04:08.706825
Apartment 102,Synthetic apartment data 102 in Naga City for testing ML clustering.,['https://example.com/apartment_102.jpg'],"{'address': 'Apartment St. 102, Naga City, Camarines Sur', 'latitude': 13.626279, 'longitude': 123.171414}",1407,apartment,b394c38c-cd01-4ed1-bf5e-dfa0fb41483f,[],For sale,ed625dab-f928-4991-8c0d-85ad8fa30226,2025-10-04 05:04:08.706880
Apartment 103,Synthetic apartment data 103 in Naga City for testing ML clustering.,['https://example.com/apartment_103.jpg'],"{'address': 'Apartment St. 103, Naga City, Camarines Sur', 'latitude': 13.615146, 'longitude': 123.19222}",3311,apartment,9884a6fb-2834-4d1f-bca1-fac8c643aad9,[],For sale,b6b82ad2-58d4-4518-b7dd-f6cb73f525e5,2025-10-04 05:04:08.706934
Apartment 104,Synthetic apartment data 104 in Naga City for testing ML clustering.,['https://example.com/apartment_104.jpg'],"{'address': 'Apartment St. 104, Naga City, Camarines Sur', 'latitude': 13.633239, 'longitude': 123.192077}",19511,apartment,a8192375-8913-4f4f-b24c-9b2f52908be1,['balcony'],fully booked,97e3b996-7f2a-473f-8d1c-a87910123d54,2025-10-04 05:04:08.706988
Apartment 105,Synthetic apartment data 105 in Naga City for testing ML clustering.,['https://example.com/apartment_105.jpg'],"{'address': 'Apartment St. 105, Naga City, Camarines Sur', 'latitude': 13.606658, 'longitude': 123.18426}",15778,apartment,cc8e6e4c-074e-4171-b71a-6969b5da685c,[],available,7ee607e1-4341-4fb5-bbdc-209a8d4d7aba,2025-10-04 05:04:08.707041
Apartment 106,Synthetic apartment data 106 in Naga City for testing ML clustering.,['https://example.com/apartment_106.jpg'],"{'address': 'Apartment St. 106, Naga City, Camarines Sur', 'latitude': 13.605126, 'longitude': 123.195233}",14271,apartment,96825025-b218-4c69-951b-3d644b5c1a10,"['laundry', 'balcony', 'parking']",fully booked,b930cf2e-cec1-48ff-8835-c023290735f8,2025-10-04 05:04:08.707097
Apartment 107,Synthetic apartment data 107 in Naga City for testing ML clustering.,['https://example.com/apartment_107.jpg'],"{'address': 'Apartment St. 107, Naga City, Camarines Sur', 'latitude': 13.636635, 'longitude': 123.194436}",12430,apartment,76a5381c-4c9e-422b-ae92-3f6bc6608542,"['aircon', 'security', 'balcony']",fully booked,3b675530-6590-46ed-adf1-1f5d05a903b0,2025-10-04 05:04:08.707152
Apartment 108,Synthetic apartment data 108 in Naga City for testing ML clustering.,['https://example.com/apartment_108.jpg'],"{'address': 'Apartment St. 108, Naga City, Camarines Sur', 'latitude': 13.629401, 'longitude': 123.188278}",17394,apartment,f813ae83-515c-45fd-ba26-2526836b1dc9,['aircon'],fully booked,b4163a02-85f4-48f8-ab69-02874899934c,2025-10-04 05:04:08.707206
Apartment 109,Synthetic apartment data 109 in Naga City for testing ML clustering.,['https://example.com/apartment_109.jpg'],"{'address': 'Apartment St. 109, Naga City, Camarines Sur', 'latitude': 13.602073, 'longitude': 123.176522}",12510,apartment,002c3972-c029-4c9e-836a-d34aa1fc211e,['wifi'],fully booked,0358c2ba-46ef-495b-bf9b-72c938810620,2025-10-04 05:04:08.707262
Apartment 110,Synthetic apartment data 110 in Naga City for testing ML clustering.,['https://example.com/apartment_110.jpg'],"{'address': 'Apartment St. 110, Naga City, Camarines Sur', 'latitude': 13.626884, 'longitude': 123.181605}",8072,apartment,272bf8fe-8398-4f18-9ebf-4b82cf4b5197,['security'],For sale,5207f6b4-f21d-417d-868f-d0bbaef412f3,2025-10-04 05:04:08.707323
Apartment 111,Synthetic apartment data 111 in Naga City for testing ML clustering.,['https://example.com/apartment_111.jpg'],"{'address': 'Apartment St. 111, Naga City, Camarines Sur', 'latitude': 13.619098, 'longitude': 123.202375}",9333,apartment,673ad658-8e1b-4f42-b246-78b85d5418b4,"['laundry', 'aircon']",available,3e2c92e5-c282-4d5d-9d2c-aa849c2fb010,2025-10-04 05:04:08.707382
Apartment 112,Synthetic apartment data 112 in Naga City for testing ML clustering.,['https://example.com/apartment_112.jpg'],"{'address': 'Apartment St. 112, Naga City, Camarines Sur', 'latitude': 13.601553, 'longitude': 123.170024}",4371,apartment,ac0677ff-0fb7-4b9a-bbcf-6f01bcaa8ae8,"['wifi', 'aircon', 'balcony']",fully booked,559aedb3-3796-4ad3-8733-9d8c63e10ed6,2025-10-04 05:04:08.707438
Apartment 113,Synthetic apartment data 113 in Naga City for testing ML clustering.,['https://example.com/apartment_113.jpg'],"{'address': 'Apartment St. 113, Naga City, Camarines Sur', 'latitude': 13.601911, 'longitude': 123.20385}",9891,apartment,280d580a-2864-4682-b73d-f6a1043065b5,"['laundry', 'security', 'aircon']",available,10d417be-fcc2-4124-afd2-ed4f1e0b7d91,2025-10-04 05:04:08.707497
Apartment 114,Synthetic apartment data 114 in Naga City for testing ML clustering.,['https://example.com/apartment_114.jpg'],"{'address': 'Apartment St. 114, Naga City, Camarines Sur', 'latitude': 13.637199, 'longitude': 123.171085}",4723,apartment,a0d574ab-1a4b-460c-b9d4-277d52cae63b,['wifi'],available,4c09cb2d-3904-4ee5-9728-fef2a4317014,2025-10-04 05:04:08.707553
Apartment 115,Synthetic apartment data 115 in Naga City for testing ML clustering.,['https://example.com/apartment_115.jpg'],"{'address': 'Apartment St. 115, Naga City, Camarines Sur', 'latitude': 13.60696, 'longitude': 123.193783}",10628,apartment,58a9271b-3c64-43ad-b236-2f763857d6b0,['security'],fully booked,f248c22c-d06a-41a8-81b6-abb0cd20f7f0,2025-10-04 05:04:08.707608
Apartment 116,Synthetic apartment data 116 in Naga City for testing ML clustering.,['https://example.com/apartment_116.jpg'],"{'address': 'Apartment St. 116, Naga City, Camarines Sur', 'latitude': 13.610258, 'longitude': 123.203538}",3840,apartment,226b9d3a-f5a1-4f6c-a80e-4365c1a2c3ee,[],available,3b2d7265-44c7-4347-bd0e-b5638f8cc702,2025-10-04 05:04:08.707661
Apartment 117,Synthetic apartment data 117 in Naga City for testing ML clustering.,['https://example.com/apartment_117.jpg'],"{'address': 'Apartment St. 117, Naga City, Camarines Sur', 'latitude': 13.623818, 'longitude': 123.207655}",12253,apartment,16d3b090-3ae2-4b2c-82ae-83ef844aed55,[],For rent,b95ec47a-f611-49b5-afee-1dcfdd498e73,2025-10-04 05:04:08.707714
Apartment 118,Synthetic apartment data 118 in Naga City for testing ML clustering.,['https://example.com/apartment_118.jpg'],"{'address': 'Apartment St. 118, Naga City, Camarines Sur', 'latitude': 13.606056, 'longitude': 123.190171}",15072,apartment,61fafb1c-485d-49da-85ce-5656add6265d,"['balcony', 'security']",fully booked,e4886766-be01-457b-a577-bf3c388521c9,2025-10-04 05:04:08.707779
Apartment 119,Synthetic apartment data 119 in Naga City for testing ML clustering.,['https://example.com/apartment_119.jpg'],"{'address': 'Apartment St. 119, Naga City, Camarines Sur', 'latitude': 13.63903, 'longitude': 123.192766}",5494,apartment,deb4f86a-c713-4fc4-8fd1-fb5565d44243,"['laundry', 'parking']",For sale,4a7e5b02-d892-4357-bca8-fad4cb771fa7,2025-10-04 05:04:08.707836
Apartment 120,Synthetic apartment data 120 in Naga City for testing ML clustering.,['https://example.com/apartment_120.jpg'],"{'address': 'Apartment St. 120, Naga City, Camarines Sur', 'latitude': 13.63892, 'longitude': 123.193002}",17272,apartment,3c1f985f-d950-4697-8f52-d841da63dd70,"['parking', 'balcony']",fully booked,f2aaab96-356f-46c0-b8e9-f4b287c1d549,2025-10-04 05:04:08.707891
Apartment 121,Synthetic apartment data 121 in Naga City for testing ML clustering.,['https://example.com/apartment_121.jpg'],"{'address': 'Apartment St. 121, Naga City, Camarines Sur', 'latitude': 13.614369, 'longitude': 123.184987}",17240,apartment,294dccc2-d5bd-4f35-83f0-2d13cb5dfa2e,"['aircon', 'security', 'wifi']",For sale,bf902c50-8464-4ac1-b886-ad468b050c64,2025-10-04 05:04:08.707954
Apartment 122,Synthetic apartment data 122 in Naga City for testing ML clustering.,['https://example.com/apartment_122.jpg'],"{'address': 'Apartment St. 122, Naga City, Camarines Sur', 'latitude': 13.638901, 'longitude': 123.18656}",16382,apartment,3ab5974b-f9ed-44e5-a414-f79e93a44d09,[],For sale,5d9f4ef2-601f-4ff6-b033-c4aa3b9136ed,2025-10-04 05:04:08.708008
Apartment 123,Synthetic apartment data 123 in Naga City for testing ML clustering.,['https://example.com/apartment_123.jpg'],"{'address': 'Apartment St. 123, Naga City, Camarines Sur', 'latitude': 13.633166, 'longitude': 123.186821}",3676,apartment,05f690d9-e91b-4bec-bdae-a1dabe9c6405,"['laundry', 'balcony']",available,739dba1a-a226-4916-a62c-4856fc016460,2025-10-04 05:04:08.708068
Apartment 124,Synthetic apartment data 124 in Naga City for testing ML clustering.,['https://example.com/apartment_124.jpg'],"{'address': 'Apartment St. 124, Naga City, Camarines Sur', 'latitude': 13.619764, 'longitude': 123.188433}",15383,apartment,6a6d486f-dd18-445c-a843-a9ad75cbafe4,[],For sale,f3543ebe-f202-4efd-9387-a7b764a5e1a9,2025-10-04 05:04:08.708128
Apartment 125,Synthetic apartment data 125 in Naga City for testing ML clustering.,['https://example.com/apartment_125.jpg'],"{'address': 'Apartment St. 125, Naga City, Camarines Sur', 'latitude': 13.616227, 'longitude': 123.186573}",17784,apartment,a2615d12-cfc2-4dca-92f0-6297765e5f8a,['security'],For rent,34b4b382-1829-4f7e-9d0e-9694508e6b60,2025-10-04 05:04:08.708186
Apartment 126,Synthetic apartment data 126 in Naga City for testing ML clustering.,['https://example.com/apartment_126.jpg'],"{'address': 'Apartment St. 126, Naga City, Camarines Sur', 'latitude': 13.630976, 'longitude': 123.195589}",12682,apartment,7228931b-e9f3-4914-8e46-19c12d8ffd23,"['laundry', 'balcony', 'parking']",For rent,2ae532b4-c59a-4b45-b976-db68dc6c99af,2025-10-04 05:04:08.708246
Apartment 127,Synthetic apartment data 127 in Naga City for testing ML clustering.,['https://example.com/apartment_127.jpg'],"{'address': 'Apartment St. 127, Naga City, Camarines Sur', 'latitude': 13.620374, 'longitude': 123.193291}",9176,apartment,5d1a8e7b-d66e-41df-ae20-6d356b8bb213,['balcony'],For rent,30994629-9cdf-4283-a7b7-1c57532594af,2025-10-04 05:04:08.708303
Apartment 128,Synthetic apartment data 128 in Naga City for testing ML clustering.,['https://example.com/apartment_128.jpg'],"{'address': 'Apartment St. 128, Naga City, Camarines Sur', 'latitude': 13.62217, 'longitude': 123.201589}",4358,apartment,e0a3d31a-ebe1-4768-8d6d-25772e7a7efb,"['laundry', 'aircon', 'balcony']",For rent,ac18d4c2-8ffd-47e7-8670-e39312ebfd2b,2025-10-04 05:04:08.708358
Apartment 129,Synthetic apartment data 129 in Naga City for testing ML clustering.,['https://example.com/apartment_129.jpg'],"{'address': 'Apartment St. 129, Naga City, Camarines Sur', 'latitude': 13.620072, 'longitude': 123.192097}",6623,apartment,6c73de2c-86c5-481e-8b53-9942899a4922,"['wifi', 'aircon']",available,5d8ab909-4ae8-4079-924b-9536dd6aab00,2025-10-04 05:04:08.708413
Apartment 130,Synthetic apartment data 130 in Naga City for testing ML clustering.,['https://example.com/apartment_130.jpg'],"{'address': 'Apartment St. 130, Naga City, Camarines Sur', 'latitude': 13.607017, 'longitude': 123.19283}",11286,apartment,6db3c3c9-d9df-47ab-9360-03896faa4737,[],available,e168b289-9baa-44bc-b1db-9e6611a7246f,2025-10-04 05:04:08.708470
Apartment 131,Synthetic apartment data 131 in Naga City for testing ML clustering.,['https://example.com/apartment_131.jpg'],"{'address': 'Apartment St. 131, Naga City, Camarines Sur', 'latitude': 13.630311, 'longitude': 123.195326}",15604,apartment,febb05a7-81d3-4a87-8a2e-102654cb58e3,[],For rent,d185b61d-82c5-4341-aabd-019259ab1862,2025-10-04 05:04:08.708530
Apartment 132,Synthetic apartment data 132 in Naga City for testing ML clustering.,['https://example.com/apartment_132.jpg'],"{'address': 'Apartment St. 132, Naga City, Camarines Sur', 'latitude': 13.627681, 'longitude': 123.178079}",6579,apartment,ea53d975-298b-4cc4-a508-5c2c34fdebff,"['parking', 'laundry']",For rent,073d1357-394c-40e2-a2d5-56a589e85610,2025-10-04 05:04:08.708586
Apartment 133,Synthetic apartment data 133 in Naga City for testing ML clustering.,['https://example.com/apartment_133.jpg'],"{'address': 'Apartment St. 133, Naga City, Camarines Sur', 'latitude': 13.630759, 'longitude': 123.188692}",10240,apartment,521b2b13-29f1-451b-b4b4-1c02a6b71870,['balcony'],For rent,97a5bae7-605f-437d-93d9-ffe747b34c66,2025-10-04 05:04:08.708641
Apartment 134,Synthetic apartment data 134 in Naga City for testing ML clustering.,['https://example.com/apartment_134.jpg'],"{'address': 'Apartment St. 134, Naga City, Camarines Sur', 'latitude': 13.611636, 'longitude': 123.189649}",17075,apartment,b18b2a24-d150-4e7c-8511-a81a31258a10,[],available,6ff547a7-c6b1-485c-8454-5bf5e161a316,2025-10-04 05:04:08.708699
Apartment 135,Synthetic apartment data 135 in Naga City for testing ML clustering.,['https://example.com/apartment_135.jpg'],"{'address': 'Apartment St. 135, Naga City, Camarines Sur', 'latitude': 13.628366, 'longitude': 123.201979}",13706,apartment,7d6bdafd-71bf-42c3-8239-49e4334189a1,"['laundry', 'aircon']",available,64a371f1-b11a-465d-9220-798f0e82ab6f,2025-10-04 05:04:08.708759
Apartment 136,Synthetic apartment data 136 in Naga City for testing ML clustering.,['https://example.com/apartment_136.jpg'],"{'address': 'Apartment St. 136, Naga City, Camarines Sur', 'latitude': 13.626361, 'longitude': 123.201236}",18144,apartment,c78dd8d0-5196-46e9-a3e8-64c700b7cd2f,"['aircon', 'parking']",For rent,033a11e2-22ed-40de-82e1-90226fd14709,2025-10-04 05:04:08.708816
Apartment 137,Synthetic apartment data 137 in Naga City for testing ML clustering.,['https://example.com/apartment_137.jpg'],"{'address': 'Apartment St. 137, Naga City, Camarines Sur', 'latitude': 13.622727, 'longitude': 123.204773}",17974,apartment,ec7afc57-6173-4f5c-a326-d94fefb59f06,"['parking', 'wifi']",fully booked,ca4e2ca0-6a18-4637-ab30-01786517dd9c,2025-10-04 05:04:08.708872
Apartment 138,Synthetic apartment data 138 in Naga City for testing ML clustering.,['https://example.com/apartment_138.jpg'],"{'address': 'Apartment St. 138, Naga City, Camarines Sur', 'latitude': 13.607663, 'longitude': 123.179185}",1525,apartment,86a28231-512a-4d1a-a572-f4c584009e41,[],For sale,857aaf3c-9a66-4a1a-84f7-bce10e36fc13,2025-10-04 05:04:08.708925
Apartment 139,Synthetic apartment data 139 in Naga City for testing ML clustering.,['https://example.com/apartment_139.jpg'],"{'address': 'Apartment St. 139, Naga City, Camarines Sur', 'latitude': 13.610614, 'longitude': 123.180863}",11694,apartment,b7ad8e67-7407-4b7c-a7cb-9f584a5cc428,[],For rent,c019a676-cf49-404e-b921-c6557e02df21,2025-10-04 05:04:08.708987
Apartment 140,Synthetic apartment data 140 in Naga City for testing ML clustering.,['https://example.com/apartment_140.jpg'],"{'address': 'Apartment St. 140, Naga City, Camarines Sur', 'latitude': 13.612054, 'longitude': 123.183447}",11057,apartment,b9f5ff3f-4f36-4401-b0bd-7540691abf78,[],fully booked,a7766def-4758-47c0-8a1e-4f3bd181984d,2025-10-04 05:04:08.709043
Apartment 141,Synthetic apartment data 141 in Naga City for testing ML clustering.,['https://example.com/apartment_141.jpg'],"{'address': 'Apartment St. 141, Naga City, Camarines Sur', 'latitude': 13.614454, 'longitude': 123.197063}",18595,apartment,974198a7-bc46-4d4b-82b8-cbd9d996fca7,['balcony'],fully booked,5ee1e9c5-2198-400c-b3f2-b6b54f23d5fc,2025-10-04 05:04:08.709168
Apartment 142,Synthetic apartment data 142 in Naga City for testing ML clustering.,['https://example.com/apartment_142.jpg'],"{'address': 'Apartment St. 142, Naga City, Camarines Sur', 'latitude': 13.605855, 'longitude': 123.181846}",2617,apartment,0a67d182-f910-42ea-af7d-67d4f48da528,"['balcony', 'parking']",available,cd1b4f18-6eed-4710-a9c9-822eabe35e03,2025-10-04 05:04:08.709241
Apartment 143,Synthetic apartment data 143 in Naga City for testing ML clustering.,['https://example.com/apartment_143.jpg'],"{'address': 'Apartment St. 143, Naga City, Camarines Sur', 'latitude': 13.637237, 'longitude': 123.190307}",1514,apartment,2e060199-7d2b-4ca0-87bd-ac04dd80b6f0,['aircon'],For rent,d25dcee5-7a80-4859-81f5-c694ccfd9160,2025-10-04 05:04:08.709303
Apartment 144,Synthetic apartment data 144 in Naga City for testing ML clustering.,['https://example.com/apartment_144.jpg'],"{'address': 'Apartment St. 144, Naga City, Camarines Sur', 'latitude': 13.616003, 'longitude': 123.191406}",1928,apartment,d539ea5f-cbc1-4e4f-a0d9-22c97943a62b,"['wifi', 'aircon']",fully booked,5a42c47f-8a0c-4271-b578-b069fe424fe5,2025-10-04 05:04:08.709362
Apartment 145,Synthetic apartment data 145 in Naga City for testing ML clustering.,['https://example.com/apartment_145.jpg'],"{'address': 'Apartment St. 145, Naga City, Camarines Sur', 'latitude': 13.623425, 'longitude': 123.202893}",19569,apartment,e1c1b9c8-f638-4088-aa4c-e79bd5460d05,"['aircon', 'security']",fully booked,9e0d5f97-71ff-4685-ad50-552aedda24d5,2025-10-04 05:04:08.709418
Apartment 146,Synthetic apartment data 146 in Naga City for testing ML clustering.,['https://example.com/apartment_146.jpg'],"{'address': 'Apartment St. 146, Naga City, Camarines Sur', 'latitude': 13.624414, 'longitude': 123.171226}",7179,apartment,1824145d-511f-4277-ac1f-2b30ed4569a2,[],fully booked,d7cac36b-91db-4423-b504-d75d7cc5db3d,2025-10-04 05:04:08.709474
Apartment 147,Synthetic apartment data 147 in Naga City for testing ML clustering.,['https://example.com/apartment_147.jpg'],"{'address': 'Apartment St. 147, Naga City, Camarines Sur', 'latitude': 13.600877, 'longitude': 123.206415}",14092,apartment,a8665208-315b-4fff-b9dc-0b4499396ef5,[],For rent,8a86859f-d8bf-47c1-9e7f-8503dd794b69,2025-10-04 05:04:08.709529
Apartment 148,Synthetic apartment data 148 in Naga City for testing ML clustering.,['https://example.com/apartment_148.jpg'],"{'address': 'Apartment St. 148, Naga City, Camarines Sur', 'latitude': 13.6205, 'longitude': 123.192822}",3868,apartment,e4f84827-850c-45e2-a864-c79daf1c4092,"['wifi', 'laundry', 'security']",available,bb4c792b-73f5-466d-955b-f18f11093e46,2025-10-04 05:04:08.709586
Apartment 149,Synthetic apartment data 149 in Naga City for testing ML clustering.,['https://example.com/apartment_149.jpg'],"{'address': 'Apartment St. 149, Naga City, Camarines Sur', 'latitude': 13.621872, 'longitude': 123.190588}",13438,apartment,c18344bf-6584-47b1-8bea-89b391a7d5b1,"['wifi', 'parking']",For sale,a7a7578a-4216-4968-a781-c44ac69d17ac,2025-10-04 05:04:08.709641
Apartment 150,Synthetic apartment data 150 in Naga City for testing ML clustering.,['https://example.com/apartment_150.jpg'],"{'address': 'Apartment St. 150, Naga City, Camarines Sur', 'latitude': 13.632256, 'longitude': 123.207107}",18221,apartment,dadb78cf-bf27-4540-b4ae-7973a9a5c37c,"['balcony', 'security']",For rent,bbb2e395-e021-4632-8cda-d3725856fee5,2025-10-04 05:04:08.709699
Apartment 151,Synthetic apartment data 151 in Naga City for testing ML clustering.,['https://example.com/apartment_151.jpg'],"{'address': 'Apartment St. 151, Naga City, Camarines Sur', 'latitude': 13.607792, 'longitude': 123.175459}",14654,apartment,4bd99922-c3cc-4c00-b7e8-05dfb3f51134,[],For sale,3ed1dc0e-143b-4374-85ef-acbaffc69e4c,2025-10-04 05:04:08.709763
Apartment 152,Synthetic apartment data 152 in Naga City for testing ML clustering.,['https://example.com/apartment_152.jpg'],"{'address': 'Apartment St. 152, Naga City, Camarines Sur', 'latitude': 13.600585, 'longitude': 123.175703}",16679,apartment,63749796-26e3-4cb7-b6df-0a0326d0db8c,"['wifi', 'security', 'aircon']",fully booked,24daec1c-95b2-4936-b070-82be59fe562b,2025-10-04 05:04:08.709823
Apartment 153,Synthetic apartment data 153 in Naga City for testing ML clustering.,['https://example.com/apartment_153.jpg'],"{'address': 'Apartment St. 153, Naga City, Camarines Sur', 'latitude': 13.600502, 'longitude': 123.203258}",8180,apartment,58d2b002-d54b-4256-af60-f7912fbf7c1d,[],For rent,dea658a9-a1a6-4bc2-88bc-bbf9b73adcfb,2025-10-04 05:04:08.709877
Apartment 154,Synthetic apartment data 154 in Naga City for testing ML clustering.,['https://example.com/apartment_154.jpg'],"{'address': 'Apartment St. 154, Naga City, Camarines Sur', 'latitude': 13.632473, 'longitude': 123.204818}",4244,apartment,d855bbb4-8a96-43ab-a633-f6628338e170,"['aircon', 'balcony', 'wifi']",For rent,03a1f944-6854-4561-a346-957deaade7f0,2025-10-04 05:04:08.709937
Apartment 155,Synthetic apartment data 155 in Naga City for testing ML clustering.,['https://example.com/apartment_155.jpg'],"{'address': 'Apartment St. 155, Naga City, Camarines Sur', 'latitude': 13.628908, 'longitude': 123.209556}",15623,apartment,055b30a3-ff7c-4eb9-aece-88c0adcdbd6c,[],For rent,ff1d5157-a49b-41ed-ab4d-aa311d4ff744,2025-10-04 05:04:08.710001
Apartment 156,Synthetic apartment data 156 in Naga City for testing ML clustering.,['https://example.com/apartment_156.jpg'],"{'address': 'Apartment St. 156, Naga City, Camarines Sur', 'latitude': 13.63375, 'longitude': 123.208977}",3947,apartment,775497d7-95c5-4d73-8dd9-87c69fc136a1,"['aircon', 'wifi', 'security']",available,74035b2e-3384-434e-8443-65114630169f,2025-10-04 05:04:08.710058
Apartment 157,Synthetic apartment data 157 in Naga City for testing ML clustering.,['https://example.com/apartment_157.jpg'],"{'address': 'Apartment St. 157, Naga City, Camarines Sur', 'latitude': 13.625508, 'longitude': 123.196801}",3392,apartment,020f2620-0e7b-4181-8b42-f68561e2021f,"['parking', 'laundry']",fully booked,4d7587ba-0582-40c0-9c9a-fea2065b51e6,2025-10-04 05:04:08.710113
Apartment 158,Synthetic apartment data 158 in Naga City for testing ML clustering.,['https://example.com/apartment_158.jpg'],"{'address': 'Apartment St. 158, Naga City, Camarines Sur', 'latitude': 13.607418, 'longitude': 123.202389}",16402,apartment,242ede26-e405-4633-83b9-a403fbd34bc3,['laundry'],fully booked,825fcf68-b32a-4d23-8a40-98bc1e3d9692,2025-10-04 05:04:08.710176
Apartment 159,Synthetic apartment data 159 in Naga City for testing ML clustering.,['https://example.com/apartment_159.jpg'],"{'address': 'Apartment St. 159, Naga City, Camarines Sur', 'latitude': 13.634251, 'longitude': 123.17932}",19899,apartment,21c51a8c-360f-41a5-b9bb-7ae70b6d106a,['laundry'],For rent,9cb2c141-01c8-495e-9652-b0dce60d6003,2025-10-04 05:04:08.710235
Apartment 160,Synthetic apartment data 160 in Naga City for testing ML clustering.,['https://example.com/apartment_160.jpg'],"{'address': 'Apartment St. 160, Naga City, Camarines Sur', 'latitude': 13.608655, 'longitude': 123.203612}",2486,apartment,9594fc98-e693-4630-8aab-d4f0cc41de29,[],For rent,7e03e2a8-6a62-4b59-8c0b-0ec2d20279db,2025-10-04 05:04:08.710289
Apartment 161,Synthetic apartment data 161 in Naga City for testing ML clustering.,['https://example.com/apartment_161.jpg'],"{'address': 'Apartment St. 161, Naga City, Camarines Sur', 'latitude': 13.625316, 'longitude': 123.17873}",3934,apartment,65e3cdc4-723d-4e26-b971-7f45c40992ef,"['security', 'laundry']",For sale,d4bbc668-2500-40a6-8cd3-cde75b575332,2025-10-04 05:04:08.710350
Apartment 162,Synthetic apartment data 162 in Naga City for testing ML clustering.,['https://example.com/apartment_162.jpg'],"{'address': 'Apartment St. 162, Naga City, Camarines Sur', 'latitude': 13.620469, 'longitude': 123.187522}",16345,apartment,f8580ba6-0b77-42ae-867f-50f22d0470af,"['security', 'laundry']",available,6e3cc97f-1ee4-4ee5-a770-e0ac5442cc5d,2025-10-04 05:04:08.710408
Apartment 163,Synthetic apartment data 163 in Naga City for testing ML clustering.,['https://example.com/apartment_163.jpg'],"{'address': 'Apartment St. 163, Naga City, Camarines Sur', 'latitude': 13.620819, 'longitude': 123.190666}",12130,apartment,587c9545-3c61-4f69-9402-0b8fdad3b960,"['balcony', 'wifi', 'parking']",available,a22bd983-7f4d-4d54-80ee-47193ed3775e,2025-10-04 05:04:08.710466
Apartment 164,Synthetic apartment data 164 in Naga City for testing ML clustering.,['https://example.com/apartment_164.jpg'],"{'address': 'Apartment St. 164, Naga City, Camarines Sur', 'latitude': 13.632414, 'longitude': 123.182876}",5500,apartment,d649ea4b-b44f-4cb3-a2da-62436d351996,"['laundry', 'wifi', 'parking']",For rent,8b24d5d3-c541-4d8d-8b6c-da8d66b87985,2025-10-04 05:04:08.710526
Apartment 165,Synthetic apartment data 165 in Naga City for testing ML clustering.,['https://example.com/apartment_165.jpg'],"{'address': 'Apartment St. 165, Naga City, Camarines Sur', 'latitude': 13.600809, 'longitude': 123.194748}",9534,apartment,3c1a02f4-0bb8-4d5a-9fda-9d0675dabfd8,[],For sale,331388ec-4d58-4206-8d3c-c1e9701d8e61,2025-10-04 05:04:08.710582
Apartment 166,Synthetic apartment data 166 in Naga City for testing ML clustering.,['https://example.com/apartment_166.jpg'],"{'address': 'Apartment St. 166, Naga City, Camarines Sur', 'latitude': 13.600238, 'longitude': 123.184173}",15717,apartment,16af03e4-c799-45fd-8525-6611dbd16b33,['aircon'],For sale,240fac8c-bde6-4120-9087-404ffc5e0eaa,2025-10-04 05:04:08.710642
Apartment 167,Synthetic apartment data 167 in Naga City for testing ML clustering.,['https://example.com/apartment_167.jpg'],"{'address': 'Apartment St. 167, Naga City, Camarines Sur', 'latitude': 13.636614, 'longitude': 123.180823}",17235,apartment,e7bccb64-ac76-40e8-bf7d-fd760cee9299,['parking'],available,3b0ef59a-e27c-40f7-aff0-bc86fa6b1816,2025-10-04 05:04:08.710699
Apartment 168,Synthetic apartment data 168 in Naga City for testing ML clustering.,['https://example.com/apartment_168.jpg'],"{'address': 'Apartment St. 168, Naga City, Camarines Sur', 'latitude': 13.605203, 'longitude': 123.181316}",11155,apartment,c8679567-4bfb-4837-81ea-1b8177bf5693,['parking'],For rent,0b00bf63-7d8b-47b6-a345-8f53070b9c0f,2025-10-04 05:04:08.710754
Apartment 169,Synthetic apartment data 169 in Naga City for testing ML clustering.,['https://example.com/apartment_169.jpg'],"{'address': 'Apartment St. 169, Naga City, Camarines Sur', 'latitude': 13.618529, 'longitude': 123.173434}",4172,apartment,ce6b3bf8-a9eb-46ba-a9fc-a220bb8f9f2f,['aircon'],available,d16ab405-a339-4b86-86b0-ef3a291ab498,2025-10-04 05:04:08.710813
Apartment 170,Synthetic apartment data 170 in Naga City for testing ML clustering.,['https://example.com/apartment_170.jpg'],"{'address': 'Apartment St. 170, Naga City, Camarines Sur', 'latitude': 13.636596, 'longitude': 123.206995}",16767,apartment,9da24733-ffea-4722-b826-884e8d87bb3d,[],available,d3df42f2-5d64-4d1c-bcfd-6504a5c29c37,2025-10-04 05:04:08.710868
Apartment 171,Synthetic apartment data 171 in Naga City for testing ML clustering.,['https://example.com/apartment_171.jpg'],"{'address': 'Apartment St. 171, Naga City, Camarines Sur', 'latitude': 13.620992, 'longitude': 123.170988}",7470,apartment,8c00c547-62eb-4cdb-b810-d1af1d9355a3,"['parking', 'balcony', 'security']",available,4fa13ab8-5b8a-4fbf-b3a7-6d2d32fe932a,2025-10-04 05:04:08.710929
Apartment 172,Synthetic apartment data 172 in Naga City for testing ML clustering.,['https://example.com/apartment_172.jpg'],"{'address': 'Apartment St. 172, Naga City, Camarines Sur', 'latitude': 13.620026, 'longitude': 123.200857}",7543,apartment,9187a3e2-27a8-4052-98b6-0d2c6f2caa55,"['laundry', 'balcony', 'aircon']",For sale,ba3b5569-4984-4318-a235-3da92e4fe223,2025-10-04 05:04:08.710989
Apartment 173,Synthetic apartment data 173 in Naga City for testing ML clustering.,['https://example.com/apartment_173.jpg'],"{'address': 'Apartment St. 173, Naga City, Camarines Sur', 'latitude': 13.605564, 'longitude': 123.188645}",5698,apartment,99b510d4-acba-4530-8923-511726431e9d,[],For sale,263f3d76-2449-4d5a-87a6-48a02e755bea,2025-10-04 05:04:08.711043
Apartment 174,Synthetic apartment data 174 in Naga City for testing ML clustering.,['https://example.com/apartment_174.jpg'],"{'address': 'Apartment St. 174, Naga City, Camarines Sur', 'latitude': 13.61799, 'longitude': 123.205997}",2847,apartment,bf7def69-1a35-40eb-9a53-c2b8b3352289,[],For sale,1c7f5fbf-3562-4685-b579-36075d760c6c,2025-10-04 05:04:08.711105
Apartment 175,Synthetic apartment data 175 in Naga City for testing ML clustering.,['https://example.com/apartment_175.jpg'],"{'address': 'Apartment St. 175, Naga City, Camarines Sur', 'latitude': 13.6341, 'longitude': 123.175033}",16587,apartment,1a2285e1-fcce-4a84-bf71-c8299c6b01cd,['wifi'],available,5caf4fad-a6c7-4e30-aeee-e5392d6b8204,2025-10-04 05:04:08.711160
Apartment 176,Synthetic apartment data 176 in Naga City for testing ML clustering.,['https://example.com/apartment_176.jpg'],"{'address': 'Apartment St. 176, Naga City, Camarines Sur', 'latitude': 13.63928, 'longitude': 123.181589}",6299,apartment,2f4988b8-992f-42fa-a98d-e78876ad2b1e,"['balcony', 'laundry']",fully booked,488b0f80-cb9d-41fc-95bd-f049cf48f3d1,2025-10-04 05:04:08.711215
Apartment 177,Synthetic apartment data 177 in Naga City for testing ML clustering.,['https://example.com/apartment_177.jpg'],"{'address': 'Apartment St. 177, Naga City, Camarines Sur', 'latitude': 13.634527, 'longitude': 123.179732}",4556,apartment,f4b3b7e7-36d0-4d43-990b-32182f41ae87,[],For sale,79aba5a0-f79b-4545-b8ea-2d2d5903512d,2025-10-04 05:04:08.711272
Apartment 178,Synthetic apartment data 178 in Naga City for testing ML clustering.,['https://example.com/apartment_178.jpg'],"{'address': 'Apartment St. 178, Naga City, Camarines Sur', 'latitude': 13.632256, 'longitude': 123.181611}",16381,apartment,2e11dede-c3d8-4440-aaf9-410519f4e2a5,"['wifi', 'laundry']",available,092006de-2085-4503-b7d5-4ec4f6cc40c3,2025-10-04 05:04:08.711329
Apartment 179,Synthetic apartment data 179 in Naga City for testing ML clustering.,['https://example.com/apartment_179.jpg'],"{'address': 'Apartment St. 179, Naga City, Camarines Sur', 'latitude': 13.637252, 'longitude': 123.208579}",3008,apartment,356cd664-edfe-42fc-8f17-0cf6f12feb18,"['wifi', 'parking', 'balcony']",available,299749d6-909b-4a5f-a207-b77e15d74f07,2025-10-04 05:04:08.711386
Apartment 180,Synthetic apartment data 180 in Naga City for testing ML clustering.,['https://example.com/apartment_180.jpg'],"{'address': 'Apartment St. 180, Naga City, Camarines Sur', 'latitude': 13.619959, 'longitude': 123.182849}",12596,apartment,e31a0956-9d21-4ed7-8b05-31bee1886e25,"['balcony', 'security']",fully booked,de211d3b-89ba-4608-bdd6-ffa0ba0ebeeb,2025-10-04 05:04:08.711445
Apartment 181,Synthetic apartment data 181 in Naga City for testing ML clustering.,['https://example.com/apartment_181.jpg'],"{'address': 'Apartment St. 181, Naga City, Camarines Sur', 'latitude': 13.614209, 'longitude': 123.19307}",16544,apartment,a137be89-cabe-417a-9ce5-814533fda286,['security'],For sale,fd0a953a-316e-4802-9095-00156213026d,2025-10-04 05:04:08.711505
Apartment 182,Synthetic apartment data 182 in Naga City for testing ML clustering.,['https://example.com/apartment_182.jpg'],"{'address': 'Apartment St. 182, Naga City, Camarines Sur', 'latitude': 13.623376, 'longitude': 123.198431}",10378,apartment,22ff26c7-61a6-407a-92a6-3bbaf1cd75b4,"['wifi', 'parking', 'security']",fully booked,e658ef1c-1d84-403f-90e1-8ee7b158a06b,2025-10-04 05:04:08.711561
Apartment 183,Synthetic apartment data 183 in Naga City for testing ML clustering.,['https://example.com/apartment_183.jpg'],"{'address': 'Apartment St. 183, Naga City, Camarines Sur', 'latitude': 13.611586, 'longitude': 123.209599}",3952,apartment,32892ecf-2810-4af7-b6e3-66ed572ebec2,"['laundry', 'balcony', 'wifi']",For sale,2af2892f-5eac-4a80-a8e6-0c851fb29f69,2025-10-04 05:04:08.711617
Apartment 184,Synthetic apartment data 184 in Naga City for testing ML clustering.,['https://example.com/apartment_184.jpg'],"{'address': 'Apartment St. 184, Naga City, Camarines Sur', 'latitude': 13.608584, 'longitude': 123.185769}",16231,apartment,a590064d-c5e1-473c-abb7-70fef6ccd9aa,"['balcony', 'wifi', 'security']",For sale,c5dfbbcd-ce7e-4eaf-aad6-859c9e7f8a38,2025-10-04 05:04:08.711673
Apartment 185,Synthetic apartment data 185 in Naga City for testing ML clustering.,['https://example.com/apartment_185.jpg'],"{'address': 'Apartment St. 185, Naga City, Camarines Sur', 'latitude': 13.639217, 'longitude': 123.192082}",11751,apartment,dc2d5626-7372-4490-96a0-18d19a252dd3,"['laundry', 'wifi']",For rent,5a6fa915-f2db-4297-b6a4-4288a3c1160c,2025-10-04 05:04:08.711728
Apartment 186,Synthetic apartment data 186 in Naga City for testing ML clustering.,['https://example.com/apartment_186.jpg'],"{'address': 'Apartment St. 186, Naga City, Camarines Sur', 'latitude': 13.60984, 'longitude': 123.197179}",15222,apartment,07488fb0-5c4b-4773-826f-2ff78a44ec2b,"['security', 'parking', 'aircon']",available,08e9730e-d94e-437f-bc1c-90f07e8f2f30,2025-10-04 05:04:08.711790
Apartment 187,Synthetic apartment data 187 in Naga City for testing ML clustering.,['https://example.com/apartment_187.jpg'],"{'address': 'Apartment St. 187, Naga City, Camarines Sur', 'latitude': 13.62515, 'longitude': 123.206881}",8851,apartment,dc51bb70-0092-4b60-8e91-134241fdd1f9,[],For sale,d1664cdc-1b7f-4574-8649-785e6c47cdb3,2025-10-04 05:04:08.711846
Apartment 188,Synthetic apartment data 188 in Naga City for testing ML clustering.,['https://example.com/apartment_188.jpg'],"{'address': 'Apartment St. 188, Naga City, Camarines Sur', 'latitude': 13.637334, 'longitude': 123.196288}",7283,apartment,9bc65a14-7dcf-48b8-8f67-82b8fce89917,"['security', 'wifi', 'parking']",For sale,3a7b7ecd-3eba-4760-8acc-88f2b6175dcf,2025-10-04 05:04:08.711902
Apartment 189,Synthetic apartment data 189 in Naga City for testing ML clustering.,['https://example.com/apartment_189.jpg'],"{'address': 'Apartment St. 189, Naga City, Camarines Sur', 'latitude': 13.607057, 'longitude': 123.208563}",19627,apartment,bd5c3a63-66fb-4b0d-b723-4e3fcc568274,"['security', 'aircon', 'wifi']",available,7e4dd0c2-0973-489d-973a-90cd18a95a50,2025-10-04 05:04:08.711956
Apartment 190,Synthetic apartment data 190 in Naga City for testing ML clustering.,['https://example.com/apartment_190.jpg'],"{'address': 'Apartment St. 190, Naga City, Camarines Sur', 'latitude': 13.616885, 'longitude': 123.202719}",10216,apartment,c49deb2f-e92a-4023-a1f5-1fac8b0d2005,"['parking', 'security', 'laundry']",available,4a0dbc79-e360-4a25-999d-15cff192d20d,2025-10-04 05:04:08.712026
Apartment 191,Synthetic apartment data 191 in Naga City for testing ML clustering.,['https://example.com/apartment_191.jpg'],"{'address': 'Apartment St. 191, Naga City, Camarines Sur', 'latitude': 13.611077, 'longitude': 123.193539}",3609,apartment,656bcbcd-a2cf-43d0-94dc-2a1468a37637,['balcony'],available,24dbf018-b50c-4be5-a578-3ab3c163e966,2025-10-04 05:04:08.712086
Apartment 192,Synthetic apartment data 192 in Naga City for testing ML clustering.,['https://example.com/apartment_192.jpg'],"{'address': 'Apartment St. 192, Naga City, Camarines Sur', 'latitude': 13.630169, 'longitude': 123.194976}",5191,apartment,ecc4dbec-1e52-4900-9f7a-50c3e31077a9,"['security', 'laundry', 'wifi']",available,251d4b8b-ba6d-4ca0-b59b-7fd3affd3c77,2025-10-04 05:04:08.712141
Apartment 193,Synthetic apartment data 193 in Naga City for testing ML clustering.,['https://example.com/apartment_193.jpg'],"{'address': 'Apartment St. 193, Naga City, Camarines Sur', 'latitude': 13.606452, 'longitude': 123.175099}",7263,apartment,2da90ffc-e89e-498f-9caf-d3f801a5583e,"['laundry', 'security']",fully booked,18f2bc09-7fb4-4c50-8eff-99aea46a5a0f,2025-10-04 05:04:08.712197
Apartment 194,Synthetic apartment data 194 in Naga City for testing ML clustering.,['https://example.com/apartment_194.jpg'],"{'address': 'Apartment St. 194, Naga City, Camarines Sur', 'latitude': 13.619508, 'longitude': 123.18482}",5416,apartment,73bb2264-886f-42ee-ab65-1cd855e9a246,[],For sale,c7779e7b-4501-437b-94df-540dfb08d4a2,2025-10-04 05:04:08.712250
Apartment 195,Synthetic apartment data 195 in Naga City for testing ML clustering.,['https://example.com/apartment_195.jpg'],"{'address': 'Apartment St. 195, Naga City, Camarines Sur', 'latitude': 13.632107, 'longitude': 123.181746}",17642,apartment,f673f536-0e09-4f3d-ba8b-66551d636dab,"['wifi', 'aircon']",For sale,85e2015d-7552-49ba-9265-367cbeb46097,2025-10-04 05:04:08.712310
Apartment 196,Synthetic apartment data 196 in Naga City for testing ML clustering.,['https://example.com/apartment_196.jpg'],"{'address': 'Apartment St. 196, Naga City, Camarines Sur', 'latitude': 13.613264, 'longitude': 123.195859}",4316,apartment,7eeda52c-4956-4368-84c1-e41498f0d43c,['parking'],fully booked,5c169245-14ab-4179-b79a-3270e3ed41a3,2025-10-04 05:04:08.712366
Apartment 197,Synthetic apartment data 197 in Naga City for testing ML clustering.,['https://example.com/apartment_197.jpg'],"{'address': 'Apartment St. 197, Naga City, Camarines Sur', 'latitude': 13.605038, 'longitude': 123.209166}",18606,apartment,4798c75c-1bb1-476c-be91-7cec28a35036,"['laundry', 'security']",fully booked,5e5a5fcb-5c7f-4c89-93fb-847c9c80ca0a,2025-10-04 05:04:08.712420
Apartment 198,Synthetic apartment data 198 in Naga City for testing ML clustering.,['https://example.com/apartment_198.jpg'],"{'address': 'Apartment St. 198, Naga City, Camarines Sur', 'latitude': 13.629782, 'longitude': 123.177057}",15359,apartment,ccbeb0c4-bcbf-450f-8a48-904c7061f847,"['parking', 'laundry', 'wifi']",available,d350fdfb-988f-4c23-a77a-48190f05c9d7,2025-10-04 05:04:08.712479
Apartment 199,Synthetic apartment data 199 in Naga City for testing ML clustering.,['https://example.com/apartment_199.jpg'],"{'address': 'Apartment St. 199, Naga City, Camarines Sur', 'latitude': 13.638578, 'longitude': 123.184715}",7551,apartment,c787c027-2fe6-4c3a-8303-2b584afe84e1,"['aircon', 'parking']",fully booked,3288e4c4-d16d-4174-bc66-e052d7fe5337,2025-10-04 05:04:08.712535
Apartment 200,Synthetic apartment data 200 in Naga City for testing ML clustering.,['https://example.com/apartment_200.jpg'],"{'address': 'Apartment St. 200, Naga City, Camarines Sur', 'latitude': 13.623468, 'longitude': 123.182054}",13987,apartment,5a073626-d0d6-47aa-b685-bd3b2612d3e7,[],available,27b9a152-2c2d-45d9-9d30-9fab63ea56de,2025-10-04 05:04:08.712590
